conf	end	start	word	pos_tag	nearest_gesture	nearest_gesture_apex	nearest_gesture_offset
1.0	17.16	16.95	dieses	PDAT	1.0	17.1	-0.15000000000000213
0.612618	21.09	20.91	das	PDS			
1.0	34.05	33.6	das	PDS	2.0	33.733333333333334	-0.13333333333333286
0.731947	35.16	34.953688	das	PDS	3.0	35.05555555555556	-0.10186755555555749
